{
	"start":	{
		"connected":	[{
				"socket":	6,
				"local_host":	"192.168.178.36",
				"local_port":	64720,
				"remote_host":	"192.168.178.30",
				"remote_port":	5201
			}],
		"version":	"iperf 3.13",
		"system_info":	"Darwin Fabians-MacBook-Pro.local 22.2.0 Darwin Kernel Version 22.2.0: Fri Nov 11 02:03:51 PST 2022; root:xnu-8792.61.2~4/RELEASE_ARM64_T6000 arm64",
		"timestamp":	{
			"time":	"Sun, 30 Apr 2023 08:27:03 UTC",
			"timesecs":	1682843223
		},
		"connecting_to":	{
			"host":	"192.168.178.30",
			"port":	5201
		},
		"cookie":	"4qtbhgo4niggjyo37je3uzrlwf6ms4tu73ge",
		"tcp_mss_default":	1448,
		"target_bitrate":	0,
		"fq_rate":	0,
		"sock_bufsize":	0,
		"sndbuf_actual":	131072,
		"rcvbuf_actual":	131072,
		"test_start":	{
			"protocol":	"TCP",
			"num_streams":	1,
			"blksize":	131072,
			"omit":	0,
			"duration":	0,
			"bytes":	0,
			"blocks":	1024,
			"reverse":	0,
			"tos":	0,
			"target_bitrate":	0,
			"bidir":	0,
			"fqrate":	0
		}
	},
	"intervals":	[{
			"streams":	[{
					"socket":	6,
					"start":	0,
					"end":	1.000455,
					"seconds":	1.0004550218582153,
					"bytes":	10667232,
					"bits_per_second":	85299043.070917875,
					"omitted":	false,
					"sender":	true
				}],
			"sum":	{
				"start":	0,
				"end":	1.000455,
				"seconds":	1.0004550218582153,
				"bytes":	10667232,
				"bits_per_second":	85299043.070917875,
				"omitted":	false,
				"sender":	true
			}
		}, {
			"streams":	[{
					"socket":	6,
					"start":	1.000455,
					"end":	2.000267,
					"seconds":	0.99981200695037842,
					"bytes":	1571616,
					"bits_per_second":	12575292.067505652,
					"omitted":	false,
					"sender":	true
				}],
			"sum":	{
				"start":	1.000455,
				"end":	2.000267,
				"seconds":	0.99981200695037842,
				"bytes":	1571616,
				"bits_per_second":	12575292.067505652,
				"omitted":	false,
				"sender":	true
			}
		}, {
			"streams":	[{
					"socket":	6,
					"start":	2.000267,
					"end":	3.00064,
					"seconds":	1.0003730058670044,
					"bytes":	8187592,
					"bits_per_second":	65476312.951119415,
					"omitted":	false,
					"sender":	true
				}],
			"sum":	{
				"start":	2.000267,
				"end":	3.00064,
				"seconds":	1.0003730058670044,
				"bytes":	8187592,
				"bits_per_second":	65476312.951119415,
				"omitted":	false,
				"sender":	true
			}
		}, {
			"streams":	[{
					"socket":	6,
					"start":	3.00064,
					"end":	4.003146,
					"seconds":	1.0025060176849365,
					"bytes":	8531952,
					"bits_per_second":	68084993.801454768,
					"omitted":	false,
					"sender":	true
				}],
			"sum":	{
				"start":	3.00064,
				"end":	4.003146,
				"seconds":	1.0025060176849365,
				"bytes":	8531952,
				"bits_per_second":	68084993.801454768,
				"omitted":	false,
				"sender":	true
			}
		}, {
			"streams":	[{
					"socket":	6,
					"start":	4.003146,
					"end":	5.001041,
					"seconds":	0.9978950023651123,
					"bytes":	9883352,
					"bits_per_second":	79233602.5459629,
					"omitted":	false,
					"sender":	true
				}],
			"sum":	{
				"start":	4.003146,
				"end":	5.001041,
				"seconds":	0.9978950023651123,
				"bytes":	9883352,
				"bits_per_second":	79233602.5459629,
				"omitted":	false,
				"sender":	true
			}
		}, {
			"streams":	[{
					"socket":	6,
					"start":	5.001041,
					"end":	6.004476,
					"seconds":	1.0034350156784058,
					"bytes":	9451968,
					"bits_per_second":	75356891.8948652,
					"omitted":	false,
					"sender":	true
				}],
			"sum":	{
				"start":	5.001041,
				"end":	6.004476,
				"seconds":	1.0034350156784058,
				"bytes":	9451968,
				"bits_per_second":	75356891.8948652,
				"omitted":	false,
				"sender":	true
			}
		}, {
			"streams":	[{
					"socket":	6,
					"start":	6.004476,
					"end":	7.000697,
					"seconds":	0.99622100591659546,
					"bytes":	8119392,
					"bits_per_second":	65201532.204429448,
					"omitted":	false,
					"sender":	true
				}],
			"sum":	{
				"start":	6.004476,
				"end":	7.000697,
				"seconds":	0.99622100591659546,
				"bytes":	8119392,
				"bits_per_second":	65201532.204429448,
				"omitted":	false,
				"sender":	true
			}
		}, {
			"streams":	[{
					"socket":	6,
					"start":	7.000697,
					"end":	8.000237,
					"seconds":	0.99953997135162354,
					"bytes":	7448016,
					"bits_per_second":	59611551.02124393,
					"omitted":	false,
					"sender":	true
				}],
			"sum":	{
				"start":	7.000697,
				"end":	8.000237,
				"seconds":	0.99953997135162354,
				"bytes":	7448016,
				"bits_per_second":	59611551.02124393,
				"omitted":	false,
				"sender":	true
			}
		}, {
			"streams":	[{
					"socket":	6,
					"start":	8.000237,
					"end":	9.000571,
					"seconds":	1.0003340244293213,
					"bytes":	7595712,
					"bits_per_second":	60745405.550577082,
					"omitted":	false,
					"sender":	true
				}],
			"sum":	{
				"start":	8.000237,
				"end":	9.000571,
				"seconds":	1.0003340244293213,
				"bytes":	7595712,
				"bits_per_second":	60745405.550577082,
				"omitted":	false,
				"sender":	true
			}
		}, {
			"streams":	[{
					"socket":	6,
					"start":	9.000571,
					"end":	10.004499,
					"seconds":	1.0039279460906982,
					"bytes":	4949264,
					"bits_per_second":	39439196.960478812,
					"omitted":	false,
					"sender":	true
				}],
			"sum":	{
				"start":	9.000571,
				"end":	10.004499,
				"seconds":	1.0039279460906982,
				"bytes":	4949264,
				"bits_per_second":	39439196.960478812,
				"omitted":	false,
				"sender":	true
			}
		}, {
			"streams":	[{
					"socket":	6,
					"start":	10.004499,
					"end":	11.002665,
					"seconds":	0.998166024684906,
					"bytes":	5648648,
					"bits_per_second":	45272212.119486839,
					"omitted":	false,
					"sender":	true
				}],
			"sum":	{
				"start":	10.004499,
				"end":	11.002665,
				"seconds":	0.998166024684906,
				"bytes":	5648648,
				"bits_per_second":	45272212.119486839,
				"omitted":	false,
				"sender":	true
			}
		}, {
			"streams":	[{
					"socket":	6,
					"start":	11.002665,
					"end":	12.000013,
					"seconds":	0.99734801054000854,
					"bytes":	4678248,
					"bits_per_second":	37525501.2337528,
					"omitted":	false,
					"sender":	true
				}],
			"sum":	{
				"start":	11.002665,
				"end":	12.000013,
				"seconds":	0.99734801054000854,
				"bytes":	4678248,
				"bits_per_second":	37525501.2337528,
				"omitted":	false,
				"sender":	true
			}
		}, {
			"streams":	[{
					"socket":	6,
					"start":	12.000013,
					"end":	13.005046,
					"seconds":	1.005033016204834,
					"bytes":	4682048,
					"bits_per_second":	37268809.477962546,
					"omitted":	false,
					"sender":	true
				}],
			"sum":	{
				"start":	12.000013,
				"end":	13.005046,
				"seconds":	1.005033016204834,
				"bytes":	4682048,
				"bits_per_second":	37268809.477962546,
				"omitted":	false,
				"sender":	true
			}
		}, {
			"streams":	[{
					"socket":	6,
					"start":	13.005046,
					"end":	14.004866,
					"seconds":	0.99981999397277832,
					"bytes":	5396192,
					"bits_per_second":	43177308.175710835,
					"omitted":	false,
					"sender":	true
				}],
			"sum":	{
				"start":	13.005046,
				"end":	14.004866,
				"seconds":	0.99981999397277832,
				"bytes":	5396192,
				"bits_per_second":	43177308.175710835,
				"omitted":	false,
				"sender":	true
			}
		}, {
			"streams":	[{
					"socket":	6,
					"start":	14.004866,
					"end":	15.004986,
					"seconds":	1.0001200437545776,
					"bytes":	8775752,
					"bits_per_second":	70197589.217828,
					"omitted":	false,
					"sender":	true
				}],
			"sum":	{
				"start":	14.004866,
				"end":	15.004986,
				"seconds":	1.0001200437545776,
				"bytes":	8775752,
				"bits_per_second":	70197589.217828,
				"omitted":	false,
				"sender":	true
			}
		}, {
			"streams":	[{
					"socket":	6,
					"start":	15.004986,
					"end":	16.000146,
					"seconds":	0.99515998363494873,
					"bytes":	5219280,
					"bits_per_second":	41957314.086813778,
					"omitted":	false,
					"sender":	true
				}],
			"sum":	{
				"start":	15.004986,
				"end":	16.000146,
				"seconds":	0.99515998363494873,
				"bytes":	5219280,